Name,Address,City,State,ZIP,Description
Modern MCM Condo near Cranbrook,971 Stratford Ln,Bloomfield Hills,MI,48304,Sat-Sun 10am-4pm | Eclectic Attic
50% off Saturday JP McCarthy Home,1299 Orchard Ridge Road,Bloomfield Hills,MI,48304,Sat 12pm-3pm | Estate Sales By Beth
Bloomfield Hills Estate Sale,1920 Pine Ridge Ln,Bloomfield Hills,MI,48302,Sat-Sun 10am-4pm | Aaron's Estate Sales
Birmingham Packed Sale,1574 Chapin,Birmingham,MI,48009,Thu-Sun 10am-4pm | Castle Estate Sales
HAM Radio Collection 50% off,4163 Amherst Rd,Royal Oak,MI,48073,Fri-Sat 9am-4pm | Look Estate Sales
LAST DAY 50% OFF EVERYTHING,2231 Elmhurst Avenue,Royal Oak,MI,48073,Wed-Sat 9am-4pm | Private
Whole House Sale Troy,1651 Redbud Drive,Troy,MI,48098,Sat-Sun 10am-4pm | Private
50% OFF MCM West Bloomfield,5495 Kingsfield Dr,West Bloomfield,MI,48322,Fri-Sat 10am-4pm | Excellent Estate Sales
WEST BLOOMFIELD ESTATE SALE,2311 Keylon Drive,West Bloomfield,MI,48324,Fri-Sun 10am-4pm | K & M Estate Sales
Mid century sale Farmington,28090 Hickory Dr,Farmington Hills,MI,48331,Sat-Sun 10am-4pm | Two Sisters
Estate Sale Farmington Hills,25630 Branchaster,Farmington Hills,MI,48336,Fri-Sun 10am-4pm | Private
Big Estate Sale Farmington,30080 Highmeadow,Farmington,MI,48334,Fri-Sun 9am-5pm | Love 2 Help Home Services
Pottery Barn Furniture,1766 Snowden Circle,Rochester Hills,MI,48306,Fri-Sat 10am-4pm | Designs by Cec
Rochester Hills Whole Home,184 Shagbark,Rochester Hills,MI,48309,Sat-Sun 10am-4pm | Proactive Estate Sales
25% OFF HUGE WHOLE HOUSE,4871 Cider Hill Dr,Rochester,MI,48306,Thu-Sun 10am-4pm | Metro Detroit Estate Sales
50% Off Steinway Piano Novi,20855 Chase Drive,Novi,MI,48375,Thu-Sat 10am-4pm | Hands Of Time Estate Sales
25% OFF Wixom Estate Sale,1397 Flamingo,Wixom,MI,48393,Fri-Sun 10am-4pm | Aaron's Estate Sales
Estate Sales Antiques Northville,48120 Eight Mile,Northville,MI,48167,Thu-Sun 9am-5pm | Private
Northville Condo Contents,18339 Blue Heron Drive East,Northville,MI,48168,Sat-Sun 10am-4pm | Private
30% OFF Fine Art Northville,21333 Woodhill Dr,Northville,MI,48167,Fri-Sun 10am-4pm | Aaron's Estate Sales
Plymouth Estate Sale,9469 Baywood Drive,Plymouth,MI,48170,Fri-Sun 10am-4pm | Great Lakes Estate Sales
Lovely Canton home,3898 Brookside Dr,Canton,MI,48188,Sat-Sun 11am-4pm | Estate Sales By Joann
25% OFF Livonia Estate Sale,16316 Aldrich St,Livonia,MI,48154,Fri-Sun 9am-3pm | All Out Estate Sale Services
Great Livonia Sale,30634 Munger Drive,Livonia,MI,48154,Fri-Sun 10am-4pm | Treasured Memories Estate Sales
50% Off Mid Century Redford,9160 Kinloch,Redford,MI,48239,Thu-Sat 10am-4pm | Hands Of Time Estate Sales
Dig Redford Books & Vintage,12815 Norborne Ave,Redford,MI,48239,Sat-Mon 10am-4pm | Dig Detroit
25% OFF SATURDAY Inkster,28951 Cherry Hill,Inkster,MI,48141,Fri-Sun 11am-5pm | Senet Estate Sales
25% off Westland Estate Sale,36036 Tradition Drive,Westland,MI,48185,Fri-Sun 10am-4pm | Estate Sales & Service
DATE CHANGE Dearborn,2449 Cornell St,Dearborn,MI,48124,Thu & Sat 9am-2pm | Our Next Sale
25% OFF Dearborn Heights,824 N Beech Daly Rd,Dearborn Heights,MI,48127,Fri-Sun 10am-4pm | A&A Estate Sales
Historic Palmer Woods Detroit,19285 Lucerne Drive,Detroit,MI,48203,Fri-Sun 10am-4pm | Circa Detroit
Troy Estate Sale,4745 Alton,Troy,MI,48085,Thu-Sat 9am-4pm | JC Estate Sale Services
TREMENDOUS TROY SALE,6764 Redford Circle,Troy,MI,48085,Fri-Sun 9am-2pm | Shine Estate Sales
Sensational STERLING HEIGHTS,4732 Barcroft Way,Sterling Heights,MI,48310,Thu-Sat 10am-4pm | Action Estate Sales
HUGE Sterling Heights Sale,43855 Pinot Noir,Sterling Heights,MI,48314,Sat-Sun 9am-4pm | Private
Estate Sale with Antiques,35604 Alta Vista Drive,Sterling Heights,MI,48312,Fri-Sun 9am-4pm | Private
Warren Watch Repairman,27480 Grobbel,Warren,MI,48092,Sat-Mon 9am-5pm | Estate Sales By Connie
Music and Art Lovers Warren,32486 Dequindre Rd,Warren,MI,48092,Sat-Sun 10am-5pm | Private
50% Off Packed Warren,12178 Stephens,Warren,MI,48089,Fri-Sun 11am-4pm | Household Services
25% OFF St Clair Shores,28806 Jane,Saint Clair Shores,MI,48081,Fri-Sun 10am-5pm | Edmund Frank & Company II
MOVING & Antique Tool Sale,20363 Sunningdale Park,Grosse Pointe,MI,48236,Fri-Sat 8am-5pm | Private
Macomb Township Liquidation,18626 Fernlea,Macomb Township,MI,48044,Fri-Sun 10am-6pm | Private
Macomb Treasures Estate Sale,23229 Rochelle,Macomb,MI,48042,Thu-Sun 10am-4pm | Two Sisters Estate Sales
Magnificent Macomb 50% Off,49714 Lakewood St,Macomb,MI,48042,Fri-Sat 10am-4pm | An Amy's Attic Estate Sale
30% OFF PACKED Shelby Twp,48205 Conifer Dr,Shelby Township,MI,48315,Thu-Sun 10am-4pm | Aaron's Estate Sales
50% OFF BLOWOUT Utica,14760 Ashton Ln,Utica,MI,48315,Fri-Sat 10am-4pm | Clearview Estate Sales
25% OFF Ray Estate Sale,16465 28th Mile Rd,Ray,MI,48096,Fri-Sun 10am-4pm | Aaron's Estate Sales
50% OFF HENDREDON Southgate,13272 Venness,Southgate,MI,48195,Thu-Sat 10am-3pm | Jamie's Attic Estate Sales
A MIXED BAG Southgate,13683 Wesley,Southgate,MI,48195,Fri-Sun 10am-4pm | Estate Sales By Gloria
50% OFF Brownstown Estate,20762 Bishop Drive,Brownstown,MI,48183,Fri-Sat 10am-4pm | Second Look Estate Sales
